refactoring_hash_id;type;reason_of_FeatureEnvy;method_before;method_after;commit_before;commit_after;project;refactoring_viewer_link
21b2c290857ac1503c3e1baeab445ee3;Pull Up Method;CALLS_TO_org.apache.juli.logging.Log > 6;org.apache.tomcat.util.net.NioEndpoint.unlockAccept();org.apache.tomcat.util.net.AbstractEndpoint.unlockAccept();61a2e35b83afbeb96c091728540b9ee06243171d;a9ddfecf6b580242dd374ce521a9079f2bb88dbc;https://github.com/apache/tomcat;http://diegocedrim.com/batch-validation/refactoring_viewer.php?id=21b2c290857ac1503c3e1baeab445ee3
41b23b22a9e6ef9c89d8845d5002863e;Pull Up Method;CALLS_TO_org.apache.coyote.AbstractProcessor > 7;org.apache.coyote.http11.Http11Processor.dispatch(SocketStatus);org.apache.coyote.AbstractProcessor.dispatch(SocketStatus);990c9c076c88e551d31045e1802bcd32aa9ac3fa;a9ca29e07967d017f1ea253adaef876d13084c44;https://github.com/apache/tomcat;http://diegocedrim.com/batch-validation/refactoring_viewer.php?id=41b23b22a9e6ef9c89d8845d5002863e
9296c0a6519872cd4e5a8e4f00dbf637;Pull Up Method;CALLS_TO_org.apache.coyote.AbstractProcessor > 7;org.apache.coyote.http2.StreamProcessor.dispatch(SocketStatus);org.apache.coyote.AbstractProcessor.dispatch(SocketStatus);990c9c076c88e551d31045e1802bcd32aa9ac3fa;a9ca29e07967d017f1ea253adaef876d13084c44;https://github.com/apache/tomcat;http://diegocedrim.com/batch-validation/refactoring_viewer.php?id=9296c0a6519872cd4e5a8e4f00dbf637
c598e63b005c6b40b28361d091ae7193;Pull Up Method;CALLS_TO_org.apache.derby.impl.jdbc.EmbedConnection > 5;org.apache.derby.impl.jdbc.EmbedConnection40.abort(Executor);org.apache.derby.impl.jdbc.EmbedConnection.abort(Executor);890e5d2747c3c318d0fa2200d93d0e868dba9215;eec86ed87462846a8683a5082a55f357142579d1;https://github.com/apache/derby;http://diegocedrim.com/batch-validation/refactoring_viewer.php?id=c598e63b005c6b40b28361d091ae7193
977c8769cf8ac0afbf6dc78c9014360b;Move Method;CALLS_TO_org.apache.derbyTesting.functionTests.util.BaseTestCase > 4;org.apache.derbyTesting.functionTests.tests.jdbc4.AutoloadTest.autoloading();org.apache.derbyTesting.functionTests.util.TestConfiguration.autoloading();cb82751ddf471226575836742f3566e5591409ac;e3e3ca3762bdd4e203e998a6dcece1757020386b;https://github.com/apache/derby;http://diegocedrim.com/batch-validation/refactoring_viewer.php?id=977c8769cf8ac0afbf6dc78c9014360b
f41dc7ab40d7f4e956d194da4df3894e;Pull Up Method;CALLS_TO_org.apache.derby.iapi.types.SQLBinary > 4;org.apache.derby.iapi.types.SQLBlob.getTraceString();org.apache.derby.iapi.types.SQLBinary.getTraceString();105543188051f5648892d894e087ba8d51d27bab;4b66efc84235fd5caae5d8eb810609258d95b303;https://github.com/apache/derby;http://diegocedrim.com/batch-validation/refactoring_viewer.php?id=f41dc7ab40d7f4e956d194da4df3894e
4b97874a8407b6e5100c0c4316f50aa2;Push Down Method;CALLS_TO_org.apache.catalina.Container > 5;org.apache.catalina.core.ContainerBase.getContainerSuffix();org.apache.catalina.core.StandardWrapper.getWebModuleKeyProperties();d638c23bd39fe202bc89de1970d5961c2b79f267;c169c761002186b131323bef30e433d4aec1b51c;https://github.com/apache/tomcat;http://diegocedrim.com/batch-validation/refactoring_viewer.php?id=4b97874a8407b6e5100c0c4316f50aa2
f3ef73c94ab992c50981ee6405485150;Pull Up Method;CALLS_TO_org.apache.coyote.http11.AbstractInputBuffer > 4;org.apache.coyote.http11.Http11NioProcessor.initializeFilters();org.apache.coyote.http11.AbstractHttp11Processor.initializeFilters();18853d163e56215967b0b819cf4d8ffbf14b6c53;c8e1569ea59ed17b8b2ea3a4c704e4dd2dadff2f;https://github.com/apache/tomcat;http://diegocedrim.com/batch-validation/refactoring_viewer.php?id=f3ef73c94ab992c50981ee6405485150
87b4b777b20eec78d1b418b2ebba7ae0;Pull Up Method;CALLS_TO_org.apache.coyote.http11.AbstractInputBuffer > 4;org.apache.coyote.http11.Http11Processor.initializeFilters();org.apache.coyote.http11.AbstractHttp11Processor.initializeFilters();18853d163e56215967b0b819cf4d8ffbf14b6c53;c8e1569ea59ed17b8b2ea3a4c704e4dd2dadff2f;https://github.com/apache/tomcat;http://diegocedrim.com/batch-validation/refactoring_viewer.php?id=87b4b777b20eec78d1b418b2ebba7ae0
ac88b538919d04d5997cbce247c5aa7c;Pull Up Method;CALLS_TO_org.apache.coyote.http11.AbstractInputBuffer > 4;org.apache.coyote.http11.Http11AprProcessor.initializeFilters();org.apache.coyote.http11.AbstractHttp11Processor.initializeFilters();18853d163e56215967b0b819cf4d8ffbf14b6c53;c8e1569ea59ed17b8b2ea3a4c704e4dd2dadff2f;https://github.com/apache/tomcat;http://diegocedrim.com/batch-validation/refactoring_viewer.php?id=ac88b538919d04d5997cbce247c5aa7c
7120e5ea31e119bb28705f26bbdb7563;Pull Up Method;CALLS_TO_org.apache.tomcat.util.modeler.Registry > 4;org.apache.coyote.http11.AbstractHttp11Protocol.destroy();org.apache.coyote.AbstractProtocolHandler.destroy();76a985582c0d3626e8f5b059e3ddd38303ab69a1;9d1f1211ecd24f39e6a1a90adf450c1c974da01a;https://github.com/apache/tomcat;http://diegocedrim.com/batch-validation/refactoring_viewer.php?id=7120e5ea31e119bb28705f26bbdb7563
8a1caca1bd430252bf843528001b9cd2;Pull Up Method;CALLS_TO_org.apache.tomcat.util.modeler.Registry > 4;org.apache.coyote.ajp.AbstractAjpProtocol.destroy();org.apache.coyote.AbstractProtocolHandler.destroy();76a985582c0d3626e8f5b059e3ddd38303ab69a1;9d1f1211ecd24f39e6a1a90adf450c1c974da01a;https://github.com/apache/tomcat;http://diegocedrim.com/batch-validation/refactoring_viewer.php?id=8a1caca1bd430252bf843528001b9cd2
e8be042121865bcc303c504e2f9a51ba;Pull Up Method;CALLS_TO_org.apache.coyote.AbstractProtocolHandler > 4;org.apache.coyote.http11.AbstractHttp11Protocol.resume();org.apache.coyote.AbstractProtocolHandler.resume();ebacad8c7dfc25b1c42a4fdac38ab45b97a52010;eab872bc6cfa347cea557c9620000aff7569bf8a;https://github.com/apache/tomcat;http://diegocedrim.com/batch-validation/refactoring_viewer.php?id=e8be042121865bcc303c504e2f9a51ba
93887fa320984dde3c77402818f2205b;Pull Up Method;CALLS_TO_org.apache.coyote.AbstractProtocolHandler > 4;org.apache.coyote.ajp.AbstractAjpProtocol.resume();org.apache.coyote.AbstractProtocolHandler.resume();ebacad8c7dfc25b1c42a4fdac38ab45b97a52010;eab872bc6cfa347cea557c9620000aff7569bf8a;https://github.com/apache/tomcat;http://diegocedrim.com/batch-validation/refactoring_viewer.php?id=93887fa320984dde3c77402818f2205b
376dc5ad58ff1d6c8fa22645580ee020;Pull Up Method;CALLS_TO_org.apache.coyote.AbstractProtocolHandler > 4;org.apache.coyote.http11.AbstractHttp11Protocol.pause();org.apache.coyote.AbstractProtocolHandler.pause();ebacad8c7dfc25b1c42a4fdac38ab45b97a52010;eab872bc6cfa347cea557c9620000aff7569bf8a;https://github.com/apache/tomcat;http://diegocedrim.com/batch-validation/refactoring_viewer.php?id=376dc5ad58ff1d6c8fa22645580ee020
9a83802e8ad424a2e40e7075623fa7b3;Pull Up Method;CALLS_TO_org.apache.coyote.AbstractProtocolHandler > 4;org.apache.coyote.ajp.AbstractAjpProtocol.pause();org.apache.coyote.AbstractProtocolHandler.pause();ebacad8c7dfc25b1c42a4fdac38ab45b97a52010;eab872bc6cfa347cea557c9620000aff7569bf8a;https://github.com/apache/tomcat;http://diegocedrim.com/batch-validation/refactoring_viewer.php?id=9a83802e8ad424a2e40e7075623fa7b3
a8e3d7cd68933d62927514a4de7e72cf;Pull Up Method;CALLS_TO_org.apache.coyote.AbstractProtocolHandler > 4;org.apache.coyote.http11.AbstractHttp11Protocol.stop();org.apache.coyote.AbstractProtocolHandler.stop();eab872bc6cfa347cea557c9620000aff7569bf8a;0c998188930bea10caadac85a02e625295b62e0f;https://github.com/apache/tomcat;http://diegocedrim.com/batch-validation/refactoring_viewer.php?id=a8e3d7cd68933d62927514a4de7e72cf
2c5acb74584664dd142fdbcad8212be3;Pull Up Method;CALLS_TO_org.apache.coyote.AbstractProtocolHandler > 4;org.apache.coyote.ajp.AbstractAjpProtocol.stop();org.apache.coyote.AbstractProtocolHandler.stop();eab872bc6cfa347cea557c9620000aff7569bf8a;0c998188930bea10caadac85a02e625295b62e0f;https://github.com/apache/tomcat;http://diegocedrim.com/batch-validation/refactoring_viewer.php?id=2c5acb74584664dd142fdbcad8212be3
3287751dfd823f2c71c0d918aa37c202;Pull Up Method;CALLS_TO_org.ikasan.common.MetaDataInterface > 4;org.ikasan.connector.ftp.outbound.FTPConnectionImpl.fileChunkHeaderToPayload(FileChunkHeader);org.ikasan.connector.basefiletransfer.outbound.BaseFileTransferConnectionImpl.fileChunkHeaderToPayload(FileChunkHeader);8bb42ce7a9c7bccaa41478fa54becf2d2b79a6eb;c32852d585ef505145388e77eb0a2ecc32f14686;https://github.com/ikasanEIP/ikasan;http://diegocedrim.com/batch-validation/refactoring_viewer.php?id=3287751dfd823f2c71c0d918aa37c202
169e27aec17f3caf414c69a344f9af64;Pull Up Method;CALLS_TO_org.ikasan.common.MetaDataInterface > 4;org.ikasan.connector.sftp.outbound.SFTPConnectionImpl.fileChunkHeaderToPayload(FileChunkHeader);org.ikasan.connector.basefiletransfer.outbound.BaseFileTransferConnectionImpl.fileChunkHeaderToPayload(FileChunkHeader);8bb42ce7a9c7bccaa41478fa54becf2d2b79a6eb;c32852d585ef505145388e77eb0a2ecc32f14686;https://github.com/ikasanEIP/ikasan;http://diegocedrim.com/batch-validation/refactoring_viewer.php?id=169e27aec17f3caf414c69a344f9af64
48ba12a47c763a4825b48a50e1c08689;Move Method;CALLS_TO_org.ikasan.framework.initiator.AbstractInitiator > 5;org.ikasan.framework.initiator.scheduled.quartz.QuartzStatefulScheduledDrivenInitiator.invokeFlow();org.ikasan.framework.initiator.AbstractInitiator.invokeFlow(List);b5223695895a996909be0f069ee0b6c1f9353737;634a6191de0b13f4829ad7b72c6df2e4bce32a42;https://github.com/ikasanEIP/ikasan;http://diegocedrim.com/batch-validation/refactoring_viewer.php?id=48ba12a47c763a4825b48a50e1c08689